"rank","code","name","value","share","cum_share"
1,"USA","USA",434696.386006332,0.241741247536987,0.241741247536987
2,"China","China",285087.04209527,0.158541224245965,0.400282471782952
3,"Russia","Russia",122808.187351845,0.0682954939905083,0.46857796577346
4,"Germany","Germany",94896.1631868431,0.0527731943806103,0.52135116015407
5,"United Kingdom","United Kingdom",76489.3713659782,0.042536898517169,0.563888058671239
6,"Japan","Japan",69612.2793840966,0.0387124434523356,0.602600502123575
7,"India","India",66072.5306122539,0.0367439355198582,0.639344437643433
8,"France","France",39726.7629794599,0.0220926549021756,0.661437092545609
9,"Canada","Canada",35643.7607557247,0.0198220354927756,0.681259128038384
10,"Ukraine","Ukraine",31236.4804283647,0.0173710801159216,0.698630208154306
11,"Poland","Poland",28983.7595281138,0.0161183078861304,0.714748516040436
12,"Italy","Italy",26005.9443967111,0.0144622997665016,0.729210815806938
13,"South Africa","South Africa",22826.9667138305,0.0126944221036296,0.741905237910567
14,"Mexico","Mexico",22015.8515379844,0.0122433486629077,0.754148586573475
15,"Iran","Iran",21810.6373540198,0.0121292259454413,0.766277812518916
16,"South Korea","South Korea",20707.5498503833,0.0115157822687606,0.777793594787677
17,"Australia","Australia",20038.8766567523,0.0111439229728782,0.788937517760555
18,"Saudi Arabia","Saudi Arabia",19020.3391827002,0.0105774988488991,0.799515016609454
19,"Brazil","Brazil",18198.7064054242,0.0101205764106411,0.809635593020095
20,"Indonesia","Indonesia",17419.9345893654,0.00968748960242005,0.819323082622515
21,"Spain","Spain",15697.9812321995,0.00872988524645533,0.828052967868971
22,"Kazakhstan","Kazakhstan",14937.4355838585,0.00830693428629685,0.836359902155267
23,"Türkiye","Türkiye",12887.5516731614,0.00716696278013694,0.843526864935404
24,"Belgium","Belgium",12765.0222172649,0.00709882229293258,0.850625687228337
25,"Czechia","Czechia",12331.7849211369,0.00685789246738762,0.857483579695725
26,"Netherlands","Netherlands",12247.9851624418,0.00681129015169697,0.864294869847422
27,"Taiwan","Taiwan",10091.9107675875,0.0056122645081135,0.869907134355535
28,"Argentina","Argentina",9151.53718302987,0.00508930850755805,0.874996442863093
29,"Romania","Romania",8861.76419143978,0.00492816135578833,0.879924604218882
30,"Thailand","Thailand",8308.31854216189,0.00462038184344979,0.884544986062331
31,"Venezuela","Venezuela",7886.47368753901,0.00438578752726399,0.888930773589595
32,"Egypt","Egypt",7471.49002247187,0.00415500882256286,0.893085782412158
33,"Malaysia","Malaysia",7042.40958740084,0.0039163906904437,0.897002173102602
34,"Uzbekistan","Uzbekistan",6750.65283485583,0.00375414033914553,0.900756313441747
35,"United Arab Emirates","United Arab Emirates",5824.23979774046,0.00323894801057729,0.903995261452325
36,"Pakistan","Pakistan",5739.83878003341,0.00319201132563877,0.907187272777963
37,"Austria","Austria",5721.34015187555,0.00318172395819666,0.91036899673616
38,"Viet Nam","Viet Nam",5668.87606712254,0.00315254788563807,0.913521544621798
39,"North Korea","North Korea",5492.66124202741,0.00305455215108787,0.916576096772886
40,"Algeria","Algeria",5476.56807195078,0.00304560249533643,0.919621699268222
41,"Iraq","Iraq",5350.7441443061,0.00297562990246932,0.922597329170692
42,"Belarus","Belarus",5184.22885914085,0.00288302822905849,0.92548035739975
43,"Hungary","Hungary",5182.12668756679,0.00288185917959038,0.928362216579341
44,"Sweden","Sweden",5133.57548760916,0.00285485912156136,0.931217075700902
45,"Nigeria","Nigeria",4710.82941054106,0.00261976362191688,0.933836839322819
46,"Greece","Greece",4296.77840010567,0.00238950358058968,0.936226342903409
47,"Denmark","Denmark",4198.17733254115,0.00233467003274146,0.93856101293615
48,"Slovakia","Slovakia",4028.32197454797,0.00224021089421641,0.940801223830366
49,"Bulgaria","Bulgaria",3984.19644019208,0.00221567201589393,0.94301689584626
50,"Philippines","Philippines",3983.63919216848,0.00221536212182361,0.945232257968084
51,"Colombia","Colombia",3802.04753038043,0.00211437624690926,0.947346634214993
52,"Kuwait","Kuwait",3397.99844661631,0.00188967842857062,0.949236312643564
53,"Finland","Finland",3324.77844439039,0.00184895967577542,0.951085272319339
54,"Chile","Chile",3324.51010894695,0.00184881045036904,0.952934082769708
55,"Switzerland","Switzerland",3158.06205549099,0.00175624616553056,0.954690328935239
56,"Serbia","Serbia",2924.89063447083,0.00162657600488063,0.95631690494012
57,"Norway","Norway",2786.28033141238,0.00154949271488443,0.957866397655004
58,"Portugal","Portugal",2767.61486742441,0.001539112567509,0.959405510222513
59,"Turkmenistan","Turkmenistan",2741.63210571324,0.00152466315998524,0.960930173382498
60,"Azerbaijan","Azerbaijan",2637.13743752936,0.00146655209152246,0.962396725474021
61,"Israel","Israel",2607.63610016928,0.00145014595076073,0.963846871424781
62,"Qatar","Qatar",2590.87990422061,0.00144082757627453,0.965287699001056
63,"Libya","Libya",2489.87947886522,0.00138465970919955,0.966672358710255
64,"Ireland","Ireland",2366.42558184471,0.00131600512627737,0.967988363836533
65,"Singapore","Singapore",2247.70531025104,0.00124998298418722,0.96923834682072
66,"Peru","Peru",2161.82250855111,0.00120222225671569,0.970440569077436
67,"Syria","Syria",2055.81510002048,0.0011432699304224,0.971583839007858
68,"Morocco","Morocco",2015.66902205335,0.00112094408810139,0.97270478309596
69,"New Zealand","New Zealand",2012.34678310248,0.00111909654067644,0.973823879636636
70,"Bangladesh","Bangladesh",2000.96555153269,0.00111276726533218,0.974936646901968
71,"Cuba","Cuba",1814.11110573128,0.0010088546764771,0.975945501578445
72,"Hong Kong","Hong Kong",1750.30135244288,0.000973369105716594,0.976918870684162
73,"Trinidad and Tobago","Trinidad and Tobago",1710.96874385111,0.000951495646042323,0.977870366330204
74,"Oman","Oman",1673.35255863671,0.000930576715418462,0.978800943045623
75,"Estonia","Estonia",1668.45145618341,0.000927851138074116,0.979728794183697
76,"Lithuania","Lithuania",1610.09010911772,0.000895395508577824,0.980624189692274
77,"Ecuador","Ecuador",1391.19570674975,0.000773665014350698,0.981397854706625
78,"Moldova","Moldova",1358.36308722252,0.000755406297094409,0.98215326100372
79,"Croatia","Croatia",1184.68927130496,0.00065882365625366,0.982812084659973
80,"Bahrain","Bahrain",1112.19207480994,0.000618506866678641,0.983430591526652
81,"Tunisia","Tunisia",1066.18911060435,0.000592923921166648,0.984023515447819
82,"Bosnia and Herzegovina","Bosnia and Herzegovina",1043.48778739278,0.000580299371318598,0.984603814819137
83,"Latvia","Latvia",980.750078302878,0.00054540998058236,0.98514922479972
84,"Slovenia","Slovenia",911.401516659981,0.000506844194562217,0.985656068994282
85,"Kyrgyzstan","Kyrgyzstan",883.215791375372,0.000491169685612108,0.986147238679894
86,"Dominican Republic","Dominican Republic",869.154028822459,0.000483349726368048,0.986630588406262
87,"Mongolia","Mongolia",861.451665069818,0.000479066325165535,0.987109654731427
88,"Zimbabwe","Zimbabwe",832.91383930409,0.000463196007802235,0.98757285073923
89,"Lebanon","Lebanon",794.725079265404,0.000441958659641931,0.988014809398872
90,"Jordan","Jordan",793.394269910219,0.000441218576392764,0.988456027975264
91,"Luxembourg","Luxembourg",783.030741454264,0.000435455261172124,0.988891483236436
92,"Angola","Angola",739.587692436696,0.000411295923288499,0.989302779159725
93,"Myanmar","Myanmar",727.895597289549,0.000404793771998125,0.989707572931723
94,"Yemen","Yemen",708.031043892331,0.000393746792831524,0.990101319724555
95,"Georgia","Georgia",662.384091034637,0.000368361830625006,0.99046968155518
96,"Bolivia","Bolivia",641.184265343,0.0003565722863011,0.990826253841481
97,"Sri Lanka","Sri Lanka",567.871510813535,0.000315801952544362,0.991142055794025
98,"Kenya","Kenya",551.307533619297,0.000306590473820335,0.991448646267845
99,"North Macedonia","North Macedonia",538.00056492398,0.000299190266878437,0.991747836534724
100,"Curaçao","Curaçao",531.97355707591,0.000295838556482376,0.992043675091206
101,"Tajikistan","Tajikistan",517.797303016551,0.000287954926776605,0.992331630017983
102,"Sudan","Sudan",517.016673262645,0.000287520806740993,0.992619150824724
103,"Guatemala","Guatemala",515.765963769788,0.00028682526823908,0.992905976092963
104,"Jamaica","Jamaica",485.20165321696,0.000269827991976837,0.99317580408494
105,"Uruguay","Uruguay",476.756498959847,0.000265131513718729,0.993440935598659
106,"Brunei Darussalam","Brunei Darussalam",427.762388368233,0.000237885146374397,0.993678820745033
107,"Ghana","Ghana",426.53577100543,0.000237203005871094,0.993916023750904
108,"Armenia","Armenia",406.689873843187,0.000226166401719474,0.994142190152624
109,"Côte d'Ivoire","Côte d'Ivoire",400.110941138947,0.000222507757547168,0.994364697910171
110,"Panama","Panama",360.475550945118,0.000200465916435721,0.994565163826606
111,"Tanzania","Tanzania",344.851328767615,0.000191777049717309,0.994756940876324
112,"Ethiopia","Ethiopia",330.228465989939,0.000183645054135487,0.994940585930459
113,"Cyprus","Cyprus",321.552407671604,0.000178820166629872,0.995119406097089
114,"Honduras","Honduras",310.240133063933,0.000172529239297204,0.995291935336386
115,"Cameroon","Cameroon",309.245400560657,0.000171976053478208,0.995463911389864
116,"Albania","Albania",307.938095119351,0.000171249041111722,0.995635160430976
117,"Gabon","Gabon",307.084949963881,0.00017077459416242,0.995805935025139
118,"Zambia","Zambia",300.838742251506,0.000167300983400119,0.995973236008539
119,"Senegal","Senegal",300.599303834146,0.000167167828067836,0.996140403836607
120,"Costa Rica","Costa Rica",285.803452220365,0.000158939630772827,0.996299343467379
121,"El Salvador","El Salvador",264.574340029822,0.00014713379978308,0.996446477267163
122,"Cambodia","Cambodia",251.610181281607,0.000139924234647622,0.99658640150181
123,"Laos","Laos",243.007549394931,0.000135140180693338,0.996721541682503
124,"Afghanistan","Afghanistan",242.635432920574,0.000134933241082989,0.996856474923586
125,"Democratic Republic of the Congo","Democratic Republic of the Congo",238.699700912113,0.000132744520871999,0.996989219444458
126,"Nepal","Nepal",232.09590615958,0.000129072050537883,0.997118291494996
127,"Mozambique","Mozambique",211.219628841363,0.000117462436367407,0.997235753931364
128,"Papua New Guinea","Papua New Guinea",209.709002395973,0.000116622354109475,0.997352376285473
129,"Paraguay","Paraguay",208.530048906819,0.000115966720208594,0.997468343005682
130,"Nicaragua","Nicaragua",197.651091435942,0.000109916767102075,0.997578259772784
131,"Congo","Congo",191.077390006976,0.000106261032121222,0.997684520804905
132,"Kosovo","Kosovo",188.443427671493,0.000104796245752062,0.997789317050657
133,"Botswana","Botswana",184.335769969646,0.000102511915057661,0.997891828965715
134,"Bahamas","Bahamas",180.559858578229,0.00010041207351369,0.997992241039228
135,"New Caledonia","New Caledonia",171.76877985346,9.55232214170665e-05,0.998087764260645
136,"Iceland","Iceland",171.68602316569,9.54771991689241e-05,0.998183241459815
137,"Equatorial Guinea","Equatorial Guinea",163.383552720546,9.08600695408462e-05,0.998274101529355
138,"Mauritius","Mauritius",133.211242685736,7.40807907069489e-05,0.998348182320062
139,"Uganda","Uganda",131.383518552444,7.30643656195567e-05,0.998421246685682
140,"Suriname","Suriname",128.75980045579,7.16052762268483e-05,0.998492851961909
141,"Benin","Benin",128.382441753976,7.13954213343714e-05,0.998564247383243
142,"Montenegro","Montenegro",122.139766769145,6.79237751753925e-05,0.998632171158418
143,"Guyana","Guyana",117.341500983125,6.5255386860083e-05,0.998697426545278
144,"Madagascar","Madagascar",112.653594181367,6.26483708482741e-05,0.998760074916127
145,"Malta","Malta",111.222647627734,6.18525997855972e-05,0.998821927515912
146,"Guinea","Guinea",105.935836661967,5.89125240925406e-05,0.998880840040005
147,"Mali","Mali",100.196259298384,5.57206581445517e-05,0.99893656069815
148,"Mauritania","Mauritania",99.8632903268706,5.55354890537654e-05,0.998992096187203
149,"Burkina Faso","Burkina Faso",95.7897493511309,5.3270131187749e-05,0.999045366318391
150,"Haiti","Haiti",88.8442046725901,4.94076085409886e-05,0.999094773926932
151,"Namibia","Namibia",87.1999782665623,4.84932293204063e-05,0.999143267156252
152,"State of Palestine","State of Palestine",77.9910387958868,4.33719985308288e-05,0.999186639154783
153,"Togo","Togo",76.6308719338307,4.26155891272155e-05,0.99922925474391
154,"Aruba","Aruba",75.7685477213589,4.21360375652174e-05,0.999271390781476
155,"Lesotho","Lesotho",72.3303119642376,4.02239825585289e-05,0.999311614764034
156,"Barbados","Barbados",63.8750062655194,3.55218589299121e-05,0.999347136622964
157,"Sint Maarten (Dutch part)","Sint Maarten (Dutch part)",62.2230595285408,3.46031863162961e-05,0.99938173980928
158,"Niger","Niger",61.5070109921723,3.42049808744035e-05,0.999415944790155
159,"Malawi","Malawi",57.5567048339531,3.20081557578794e-05,0.999447952945913
160,"Macao","Macao",57.529056799728,3.19927802670756e-05,0.99947994572618
161,"Fiji","Fiji",54.0663207306631,3.00671002656437e-05,0.999510012826445
162,"Liberia","Liberia",52.5208840156521,2.92076594892698e-05,0.999539220485935
163,"Chad","Chad",51.3430880279919,2.85526692925101e-05,0.999567773155227
164,"South Sudan","South Sudan",45.5307772191654,2.53203551734367e-05,0.999593093510401
165,"Eswatini","Eswatini",44.6119475524182,2.48093800720467e-05,0.999617902890473
166,"Sierra Leone","Sierra Leone",42.6197075763771,2.37014652314706e-05,0.999641604355704
167,"Somalia","Somalia",41.932207131974,2.33191358161305e-05,0.99966492349152
168,"Rwanda","Rwanda",37.3159588357098,2.07519701851212e-05,0.999685675461705
169,"Greenland","Greenland",35.1944239234157,1.95721524711921e-05,0.999705247614177
170,"French Polynesia","French Polynesia",35.0195263172712,1.94748892620611e-05,0.999724722503439
171,"Faeroe Islands","Faeroe Islands",33.6613763095129,1.87196014616857e-05,0.9997434421049
172,"Maldives","Maldives",33.6540798881189,1.87155438111804e-05,0.999762157648711
173,"Bermuda","Bermuda",31.0249729724223,1.72534576145416e-05,0.999779411106326
174,"Bhutan","Bhutan",29.7971359641577,1.65706388479148e-05,0.999795981745174
175,"Antigua and Barbuda","Antigua and Barbuda",26.9201080579236,1.49706800315063e-05,0.999810952425205
176,"Belize","Belize",22.5177823502182,1.25224799937233e-05,0.999823474905199
177,"Djibouti","Djibouti",21.1208642266615,1.17456326566702e-05,0.999835220537856
178,"Eritrea","Eritrea",19.1031209123365,1.06235350232032e-05,0.999845844072879
179,"Gambia","Gambia",17.6769438836209,9.83041636560922e-06,0.999855674489245
180,"Cape Verde","Cape Verde",16.9163932829967,9.40746265141104e-06,0.999865081951896
181,"Burundi","Burundi",16.6877213852715,9.28029474385011e-06,0.99987436224664
182,"Andorra","Andorra",16.6549687605855,9.26208051293722e-06,0.999883624327153
183,"Saint Lucia","Saint Lucia",16.4552168230387,9.15099543347719e-06,0.999892775322586
184,"Seychelles","Seychelles",16.1134878116568,8.96095475177294e-06,0.999901736277338
185,"Central African Republic","Central African Republic",12.340506492179,6.86274266520859e-06,0.999908599020003
186,"Timor-Leste","Timor-Leste",12.1372140052702,6.74968863259581e-06,0.999915348708636
187,"Solomon Islands","Solomon Islands",11.6096811215346,6.45631960185081e-06,0.999921805028238
188,"Bonaire, Saint Eustatius and Saba","Bonaire, Saint Eustatius and Saba",10.6273539022786,5.9100325492848e-06,0.999927715060787
189,"Liechtenstein","Liechtenstein",9.96054092733534,5.53920774920404e-06,0.999933254268536
190,"Grenada","Grenada",9.6487681620481,5.36582618990233e-06,0.999938620094726
191,"Guinea-Bissau","Guinea-Bissau",8.28532358350746,4.60759399848229e-06,0.999943227688725
192,"Saint Kitts and Nevis","Saint Kitts and Nevis",8.0348183666593,4.46828425130045e-06,0.999947695972976
193,"Saint Vincent and the Grenadines","Saint Vincent and the Grenadines",7.96663404008914,4.43036591404678e-06,0.99995212633889
194,"Samoa","Samoa",7.76959150443457,4.32078757403663e-06,0.999956447126464
195,"Turks and Caicos Islands","Turks and Caicos Islands",7.60550740241447,4.22953791841435e-06,0.999960676664382
196,"Comoros","Comoros",7.51349956950694,4.1783709682711e-06,0.999964855035351
197,"Palau","Palau",6.96895151844303,3.87553954513129e-06,0.999968730574896
198,"British Virgin Islands","British Virgin Islands",6.26117300266186,3.48193318700914e-06,0.999972212508083
199,"Vanuatu","Vanuatu",5.54693760888832,3.08473606118953e-06,0.999975297244144
200,"Dominica","Dominica",5.49429744737912,3.0554620696786e-06,0.999978352706214
201,"Nauru","Nauru",5.07418318117952,2.82183015993988e-06,0.999981174536374
202,"Tonga","Tonga",4.92237565574731,2.73740769459426e-06,0.999983911944068
203,"Micronesia (Federated States of)","Micronesia (Federated States of)",4.85816739509912,2.70170050785209e-06,0.999986613644576
204,"Sao Tome and Principe","Sao Tome and Principe",4.01523279758463,2.23293180455702e-06,0.999988846576381
205,"Marshall Islands","Marshall Islands",4.00836961416349,2.22911508425358e-06,0.999991075691465
206,"Saint Pierre and Miquelon","Saint Pierre and Miquelon",3.89559601571512,2.16639997721392e-06,0.999993242091442
207,"Anguilla","Anguilla",3.58829234073758,1.9955037467569e-06,0.999995237595189
208,"Cook Islands","Cook Islands",2.68482401926734,1.49307132225732e-06,0.999996730666511
209,"Kiribati","Kiribati",2.32915163647997,1.29527652042012e-06,0.999998025943032
210,"Montserrat","Montserrat",1.67899154833752,9.33712643042899e-07,0.999998959655675
211,"Wallis and Futuna Islands","Wallis and Futuna Islands",0.865761531149462,4.81463107003044e-07,0.999999441118782
212,"Saint Helena","Saint Helena",0.421736949287506,2.34534308393629e-07,0.99999967565309
213,"Tuvalu","Tuvalu",0.297180574181048,1.65266620701186e-07,0.999999840919711
214,"Niue","Niue",0.286056382787366,1.59080289293982e-07,1
